Date,Open,High,Low,Close,Volume,- SPREAD -
14-06-2022,67500.00,69400.00,67500.00,68177.60,261,"1,900.00"
01-02-2022,72746.95,72746.95,71288.75,71506.90,444,"1,458.20"
31-01-2022,71985.45,72460.00,71348.70,72181.50,341,"1,111.30"
28-01-2022,71030.00,72819.90,71030.00,71385.45,264,"1,789.90"
27-01-2022,70500.00,71000.00,69500.00,70708.95,663,"1,500.00"
25-01-2022,71339.65,72299.80,69900.00,70577.20,820,"2,399.80"
24-01-2022,72850.00,72850.00,70007.00,71103.25,749,"2,843.00"
21-01-2022,73481.95,74700.00,72006.25,72727.85,802,"2,693.75"
20-01-2022,75898.10,75966.05,73539.65,73787.30,910,"2,426.40"
19-01-2022,76224.00,76724.00,75565.10,76547.05,274,"1,158.90"
18-01-2022,76810.00,77255.75,76132.55,76325.70,455,"1,123.20"
13-06-2022,69483.00,69483.00,68300.00,68561.25,240,"1,183.00"
17-01-2022,75857.85,77193.60,75857.85,76853.40,249,"1,335.75"
14-01-2022,75790.55,76250.00,75351.20,76130.30,219,898.80
13-01-2022,75533.35,76380.50,74987.80,75975.15,422,"1,392.70"
12-01-2022,74425.00,75484.85,74315.00,75254.10,211,"1,169.85"
11-01-2022,74424.95,74469.90,73900.10,74273.35,333,569.80
10-01-2022,74439.05,74950.00,74136.75,74288.35,191,813.25
07-01-2022,74449.95,74633.50,73560.90,74186.75,153,"1,072.60"
06-01-2022,74150.00,74385.25,73209.90,74133.65,169,"1,175.35"
05-01-2022,74100.00,74400.00,73774.75,74030.15,153,625.25
04-01-2022,73937.95,73998.00,73351.00,73929.00,490,647.00
10-06-2022,70200.00,70554.85,69770.00,69926.80,188,784.85
03-01-2022,73500.00,73943.10,73089.10,73374.00,198,854.00
31-12-2021,72394.00,73699.95,72224.60,73293.55,476,"1,475.35"
30-12-2021,72782.90,72782.90,71889.90,72139.95,202,893.00
29-12-2021,71197.10,72678.85,71197.10,72569.50,279,"1,481.75"
28-12-2021,70750.00,71994.80,70683.15,71579.05,219,"1,311.65"
27-12-2021,70091.40,70692.10,69300.00,70469.70,391,"1,392.10"
24-12-2021,71350.00,71392.10,69930.00,70056.00,497,"1,462.10"
23-12-2021,71079.95,71400.40,70750.05,71040.60,217,650.35
22-12-2021,70550.00,71280.20,70320.15,70535.60,298,960.05
21-12-2021,70840.00,71157.60,69954.85,70454.55,540,"1,202.75"
09-06-2022,70440.00,70752.40,70008.10,70354.10,246,744.30
20-12-2021,72599.00,72599.00,68719.90,69973.70,1418,"3,879.10"
17-12-2021,73780.00,73780.00,72102.35,72560.00,532,"1,677.65"
16-12-2021,74337.30,74382.00,73165.00,73335.20,244,"1,217.00"
15-12-2021,74189.95,74500.00,73820.00,73951.50,174,680.00
14-12-2021,73280.05,74199.80,73280.05,74055.00,220,919.75
13-12-2021,74500.00,75100.00,73650.80,73819.75,487,"1,449.20"
10-12-2021,74668.55,74950.00,74012.15,74270.65,285,937.85
09-12-2021,75080.00,75339.20,74150.00,74644.20,285,"1,189.20"
08-12-2021,73800.00,75199.00,73800.00,74664.60,282,"1,399.00"
07-12-2021,73300.05,73882.00,73300.05,73593.35,218,581.95
08-06-2022,72230.30,72249.50,70269.70,70566.40,423,"1,979.80"
06-12-2021,73801.00,74056.20,73000.00,73260.75,483,"1,056.20"
03-12-2021,74237.45,74700.00,73772.25,73938.65,531,927.75
02-12-2021,74299.00,74299.00,73250.00,73895.80,603,"1,049.00"
01-12-2021,75000.10,75323.15,73550.00,73785.55,508,"1,773.15"
30-11-2021,73690.00,75999.80,73690.00,75015.65,501,"2,309.80"
29-11-2021,75100.00,75100.00,73111.00,73802.35,332,"1,989.00"
26-11-2021,75830.00,75830.00,74555.05,75171.10,517,"1,274.95"
25-11-2021,76599.00,76646.40,75265.65,75658.45,361,"1,380.75"
24-11-2021,76790.00,77448.95,76089.00,76464.90,304,"1,359.95"
23-11-2021,75949.00,76789.55,75075.20,76468.80,1220,"1,714.35"
07-06-2022,74499.95,74499.95,71400.00,71619.40,539,"3,099.95"
22-11-2021,77600.00,77989.95,75040.10,75664.30,973,"2,949.85"
18-11-2021,79500.00,79998.50,77310.00,77532.75,394,"2,688.50"
17-11-2021,78850.00,79450.00,78594.55,79340.90,622,855.45
16-11-2021,78863.95,79448.15,78190.80,78459.20,312,"1,257.35"
15-11-2021,78700.00,78879.65,77711.95,78458.25,797,"1,167.70"
12-11-2021,77725.00,78299.95,77300.00,78194.05,290,999.95
11-11-2021,78800.00,78800.00,76905.00,77201.25,982,"1,895.00"
10-11-2021,78824.95,78943.85,78000.00,78218.40,365,943.85
09-11-2021,80150.00,80439.80,78050.00,78519.65,579,"2,389.80"
08-11-2021,78859.05,80200.00,78568.10,79855.20,236,"1,631.90"
06-06-2022,76465.00,76650.00,74556.80,74738.15,255,"2,093.20"
04-11-2021,78340.00,78673.40,78151.10,78400.90,97,522.30
03-11-2021,78874.10,78981.75,77815.00,78070.15,362,"1,166.75"
02-11-2021,78799.00,79277.60,78350.10,78590.40,151,927.50
01-11-2021,78203.50,78943.50,77235.90,78680.65,582,"1,707.60"
29-10-2021,77653.60,78449.90,76640.20,77353.85,509,"1,809.70"
28-10-2021,79499.95,79692.00,77300.00,77653.60,1012,"2,392.00"
27-10-2021,80400.00,80583.50,79200.00,79453.95,297,"1,383.50"
26-10-2021,79310.00,80485.10,79310.00,80055.30,219,"1,175.10"
25-10-2021,81638.50,81638.50,79225.45,79374.00,608,"2,413.05"
22-10-2021,81299.10,82210.20,80190.00,80676.65,471,"2,020.20"
03-06-2022,76349.95,76872.90,76118.30,76510.15,261,754.60
21-10-2021,83356.00,83356.00,80946.05,81100.50,1179,"2,409.95"
20-10-2021,83237.50,83749.00,81001.00,82527.55,2675,"2,748.00"
19-10-2021,84300.00,85097.95,82634.05,83078.10,363,"2,463.90"
18-10-2021,85500.00,86850.00,84000.00,84288.25,2771,"2,850.00"
14-10-2021,86250.00,86859.50,84964.75,85173.50,621,"1,894.75"
13-10-2021,85850.00,86700.00,85403.95,86120.85,889,"1,296.05"
12-10-2021,85600.00,86178.00,84461.35,85635.15,399,"1,716.65"
11-10-2021,86250.00,87579.85,84757.25,84892.20,2737,"2,822.60"
08-10-2021,81409.50,86244.25,81409.50,85793.45,1534,"4,834.75"
07-10-2021,79100.00,81400.00,78895.40,81192.75,2098,"2,504.60"
02-06-2022,76800.00,76800.00,75000.00,75866.60,236,"1,800.00"
06-10-2021,79761.40,79850.00,78525.05,78715.95,584,"1,324.95"
05-10-2021,79950.00,80050.00,79205.15,79415.50,209,844.85
04-10-2021,79110.00,80519.95,79048.60,79779.90,737,"1,471.35"
01-10-2021,79009.00,79336.30,78507.60,79191.35,1369,828.70
30-09-2021,79600.00,79600.40,78700.00,79367.70,486,900.40
29-09-2021,80411.00,80433.30,78868.15,79079.75,624,"1,565.15"
28-09-2021,81980.00,81980.00,79800.05,80551.50,624,"2,179.95"
27-09-2021,79878.45,81988.95,79111.00,81798.75,1623,"2,877.95"
24-09-2021,80200.00,80694.90,79044.00,79463.55,328,"1,650.90"
23-09-2021,80120.00,81008.05,80000.00,80163.20,2557,"1,008.05"
01-06-2022,77184.60,77500.00,76001.00,76291.50,395,"1,499.00"
22-09-2021,78200.05,80549.90,78200.05,80018.60,880,"2,349.85"
21-09-2021,79000.00,79043.90,78100.00,78437.75,645,943.90
20-09-2021,78776.15,79870.60,78630.35,78872.60,225,"1,240.25"
17-09-2021,80299.95,80300.00,78900.85,79387.40,443,"1,399.15"
16-09-2021,80495.80,80522.25,79833.40,79944.35,381,688.85
15-09-2021,80898.80,80933.80,80160.00,80239.10,210,773.80
14-09-2021,80299.00,80803.55,80125.65,80403.35,358,677.90
13-09-2021,79700.00,80400.00,79217.60,80160.60,415,"1,182.40"
09-09-2021,80608.00,81409.80,79749.10,79891.65,1447,"1,660.70"
08-09-2021,81680.00,81680.00,79835.00,80187.30,325,"1,845.00"
24-06-2022,69300.00,70774.55,68612.95,70410.60,763,"2,161.60"
31-05-2022,75350.00,78138.50,75350.00,77656.85,350,"2,788.50"
07-09-2021,81761.75,82272.50,80995.70,81060.25,652,"1,276.80"
06-09-2021,82400.00,83192.35,81236.90,81459.40,498,"1,955.45"
03-09-2021,81701.65,82595.00,81444.05,82368.45,500,"1,150.95"
02-09-2021,80549.90,81800.00,80107.00,81250.55,1132,"1,693.00"
01-09-2021,80300.00,80548.25,79300.00,79967.20,312,"1,248.25"
31-08-2021,78511.15,79900.00,78256.90,79716.30,1209,"1,643.10"
30-08-2021,77546.00,78365.70,77546.00,78207.05,443,819.70
27-08-2021,77199.00,77319.90,76534.50,76928.90,368,785.40
26-08-2021,77449.95,77449.95,76330.05,76543.80,462,"1,119.90"
25-08-2021,77694.45,77999.80,76729.35,77066.40,533,"1,270.45"
30-05-2022,75300.00,75750.00,75032.90,75348.20,287,717.10
24-08-2021,76200.00,77396.05,76052.50,77153.70,596,"1,343.55"
23-08-2021,79000.00,79000.00,75975.00,76183.20,1271,"3,025.00"
20-08-2021,79278.05,79278.05,77810.00,78114.00,465,"1,468.05"
18-08-2021,79198.65,79499.00,78921.00,79353.60,310,578.00
17-08-2021,78309.30,79149.95,77900.25,78711.80,407,"1,249.70"
16-08-2021,79500.00,79500.00,78191.90,78657.15,395,"1,308.10"
13-08-2021,78600.00,79200.00,78600.00,78818.60,465,600.00
12-08-2021,78289.85,78700.85,77610.00,78212.55,577,"1,090.85"
11-08-2021,78850.10,79868.00,77369.70,77586.90,1130,"2,498.30"
10-08-2021,80200.00,80931.15,78250.00,78830.00,1091,"2,681.15"
27-05-2022,75500.00,75649.95,74300.00,74679.15,167,"1,349.95"
09-08-2021,79600.00,82600.00,79146.10,80013.90,3641,"3,453.90"
06-08-2021,79940.00,80126.80,79013.95,79160.05,670,"1,112.85"
05-08-2021,80899.70,80900.00,79501.00,79750.45,433,"1,399.00"
04-08-2021,81408.40,81548.25,80242.45,80469.20,385,"1,305.80"
03-08-2021,80650.00,81135.80,80560.00,81017.35,331,575.80
02-08-2021,80874.95,81300.00,80188.30,80399.20,576,"1,111.70"
30-07-2021,80148.10,81116.20,79702.05,79911.75,403,"1,414.15"
29-07-2021,79800.00,80250.00,79500.00,79660.80,403,750.00
28-07-2021,80354.85,80529.70,79200.15,79929.60,484,"1,329.55"
27-07-2021,81288.55,81384.05,79986.65,80141.20,389,"1,397.40"
26-05-2022,74975.00,75285.45,73674.45,75051.60,257,"1,611.00"
26-07-2021,81160.80,81560.05,80746.85,80876.00,211,813.20
23-07-2021,82453.10,82453.10,81000.00,81141.90,156,"1,453.10"
22-07-2021,82210.10,82402.60,81295.20,81531.35,257,"1,107.40"
20-07-2021,82250.00,82693.15,81383.85,81617.25,291,"1,309.30"
19-07-2021,81990.00,82900.00,81720.15,82222.40,1018,"1,179.85"
16-07-2021,82107.00,82600.00,81374.70,82384.25,610,"1,225.30"
15-07-2021,82999.80,83200.10,81137.85,81526.50,426,"2,062.25"
14-07-2021,83000.65,83321.30,82328.65,82800.10,860,992.65
13-07-2021,80378.85,83400.00,80124.20,83134.85,2795,"3,275.80"
12-07-2021,79991.00,80567.80,79901.05,80191.45,1029,666.75
25-05-2022,74569.35,75372.35,73554.90,74818.10,173,"1,817.45"
09-07-2021,80455.85,80663.10,79865.00,79980.25,806,798.10
08-07-2021,81200.00,81267.95,80117.85,80419.55,261,"1,150.10"
07-07-2021,80450.05,81300.00,80441.50,80749.55,449,858.50
06-07-2021,80950.15,81300.00,80321.00,80425.05,406,979.00
05-07-2021,81200.00,81755.15,80610.15,80857.25,450,"1,145.00"
02-07-2021,81000.00,81499.95,80590.05,81150.95,277,909.90
01-07-2021,80375.55,81449.70,80191.90,80987.50,271,"1,257.80"
30-06-2021,80205.00,80656.00,79821.25,80057.40,581,834.75
29-06-2021,80493.55,80793.70,79547.00,80204.05,695,"1,246.70"
28-06-2021,80998.95,81050.00,79917.30,80544.75,808,"1,132.70"
24-05-2022,74649.70,74649.70,73138.30,74337.15,301,"1,511.40"
25-06-2021,81101.05,81330.05,80379.95,80515.25,469,950.10
24-06-2021,81890.00,82153.85,80610.65,80971.75,809,"1,543.20"
23-06-2021,82050.00,82450.00,81802.65,81973.95,6189,647.35
22-06-2021,82250.00,82394.00,81502.35,81803.90,384,891.65
21-06-2021,81000.00,82200.00,81000.00,81761.35,480,"1,200.00"
18-06-2021,82681.45,83078.85,80501.35,82692.05,1499,"2,577.50"
17-06-2021,82300.00,83300.00,81813.20,82681.45,440,"1,486.80"
16-06-2021,82989.95,83140.75,82414.00,82524.00,329,726.75
15-06-2021,82500.00,83300.90,81923.00,82848.60,6745,"1,377.90"
14-06-2021,82000.00,83000.00,81325.85,82496.15,496,"1,674.15"
23-05-2022,74767.60,75075.40,73102.60,73366.15,198,"1,972.80"
11-06-2021,82500.00,82852.55,81358.25,82143.55,1162,"1,494.30"
10-06-2021,81290.00,82318.00,80023.65,82191.50,882,"2,294.35"
09-06-2021,81416.20,81896.55,80001.00,80213.85,1284,"1,895.55"
08-06-2021,83099.95,83099.95,81200.00,81351.50,1066,"1,899.95"
07-06-2021,85070.05,87243.05,82000.00,82391.75,4660,"5,243.05"
04-06-2021,85255.85,85321.30,84293.60,84929.50,421,"1,027.70"
03-06-2021,84750.50,85099.50,83869.70,84459.30,486,"1,229.80"
02-06-2021,83649.95,84720.05,83000.00,84391.60,806,"1,720.05"
01-06-2021,83927.85,84681.00,82780.45,83207.10,717,"1,900.55"
31-05-2021,83174.65,83939.45,83000.20,83632.45,458,939.25
20-05-2022,73750.00,74648.20,73275.15,74067.60,624,"1,373.05"
28-05-2021,82714.05,83600.00,82714.05,83349.00,653,885.95
27-05-2021,81693.00,83188.65,81332.00,82831.40,1085,"1,856.65"
26-05-2021,82774.95,82782.40,81412.60,81630.85,648,"1,369.80"
25-05-2021,82949.95,83060.30,81825.60,82179.35,942,"1,234.70"
24-05-2021,82047.05,83252.00,82000.90,82582.50,1217,"1,251.10"
21-05-2021,81100.00,82400.00,81100.00,82192.70,1827,"1,300.00"
20-05-2021,79850.45,82443.55,79286.15,81434.25,1433,"3,157.40"
19-05-2021,79306.00,79966.70,78350.20,79645.65,761,"1,616.50"
18-05-2021,79100.00,79956.30,78466.20,79241.15,977,"1,490.10"
17-05-2021,76827.75,78386.80,76001.05,78198.95,1610,"2,385.75"
19-05-2022,73000.55,74216.50,73000.55,73488.10,156,"1,215.95"
14-05-2021,77724.95,77777.00,76000.00,76161.80,1857,"1,777.00"
12-05-2021,78105.00,79159.00,77022.05,77333.80,1505,"2,136.95"
11-05-2021,78300.00,79533.65,77526.00,78629.40,1243,"2,007.65"
10-05-2021,77650.00,78710.00,77550.00,78400.25,1369,"1,160.00"
07-05-2021,78499.70,78700.00,77245.00,77465.05,1084,"1,455.00"
06-05-2021,78000.10,79109.75,77747.15,77920.95,831,"1,362.60"
05-05-2021,79150.00,79337.05,77500.30,78241.60,924,"1,836.75"
04-05-2021,80720.90,80808.90,78391.10,78648.10,1093,"2,417.80"
03-05-2021,80101.10,81105.95,79200.00,79871.70,934,"1,905.95"
30-04-2021,77800.00,81700.00,77151.80,80721.45,3198,"4,548.20"
18-05-2022,74000.00,74735.00,73793.55,74575.15,404,941.45
29-04-2021,79000.00,79000.00,77502.85,77712.60,1029,"1,497.15"
28-04-2021,78040.10,79250.00,77870.85,78093.30,1056,"1,379.15"
27-04-2021,78038.30,78400.00,77668.20,78036.60,605,731.80
26-04-2021,78599.75,79200.00,77530.00,77868.40,742,"1,670.00"
23-04-2021,78390.00,78841.25,77900.00,78254.55,760,941.25
22-04-2021,79050.00,79200.85,77656.60,78332.15,893,"1,544.25"
20-04-2021,80500.00,80618.25,78657.45,79362.85,1342,"1,960.80"
19-04-2021,80100.00,80199.85,78776.00,79291.15,941,"1,423.85"
16-04-2021,81223.70,81950.00,80985.05,81326.50,886,964.95
15-04-2021,81800.00,82435.95,79400.00,81080.50,1029,"3,035.95"
23-06-2022,68258.55,69200.00,68013.05,68980.40,352,"1,186.95"
17-05-2022,72600.00,74200.00,72560.20,73983.25,754,"1,639.80"
13-04-2021,79300.00,83000.00,79000.00,82698.30,1312,"4,000.00"
12-04-2021,81500.00,81500.00,78990.00,79354.60,995,"2,510.00"
09-04-2021,82547.05,83621.15,81500.00,81884.10,1056,"2,121.15"
08-04-2021,84199.90,84499.95,82500.00,83107.75,2087,"1,999.95"
07-04-2021,82000.00,84075.85,81550.00,83701.00,662,"2,525.85"
06-04-2021,82700.00,82700.00,81238.65,82230.65,942,"1,461.35"
05-04-2021,82500.05,83317.00,81278.30,81536.45,1103,"2,038.70"
01-04-2021,82864.45,83442.85,82200.05,83172.20,628,"1,242.80"
31-03-2021,83439.95,83464.80,82000.00,82218.70,896,"1,464.80"
30-03-2021,82201.00,84000.00,81302.00,83219.00,1176,"2,698.00"
16-05-2022,72000.00,73200.00,70590.15,72587.75,395,"2,609.85"
26-03-2021,82150.00,82804.40,81800.05,82031.75,1077,"1,004.35"
25-03-2021,82400.95,82993.70,80638.10,81713.45,1695,"2,355.60"
24-03-2021,83910.00,84378.80,81900.05,82262.45,1173,"2,478.75"
23-03-2021,84000.00,84978.10,83605.80,84618.85,987,"1,372.30"
22-03-2021,84000.00,85394.40,82406.95,83770.55,1321,"2,987.45"
19-03-2021,83286.95,84900.00,80648.30,84550.25,1768,"4,251.70"
18-03-2021,86100.00,86388.60,83049.20,83187.35,1491,"3,339.40"
17-03-2021,87000.00,87329.00,85262.40,85541.60,1316,"2,066.60"
16-03-2021,88600.00,88600.00,86480.20,86828.85,1328,"2,119.80"
15-03-2021,88968.70,89477.75,87020.75,87572.05,1256,"2,457.00"
13-05-2022,67600.00,73141.75,67600.00,72000.30,1083,"5,541.75"
12-03-2021,89000.00,90245.00,88151.15,88830.30,2533,"2,093.85"
10-03-2021,89500.00,89780.50,88481.00,88692.95,720,"1,299.50"
09-03-2021,88050.00,89450.00,88000.15,89042.25,1631,"1,449.85"
08-03-2021,88700.00,89403.35,87303.30,87604.70,1115,"2,100.05"
05-03-2021,89700.00,89700.00,88010.15,88625.30,1319,"1,689.85"
04-03-2021,88510.00,90774.00,85756.20,89750.20,1722,"5,017.80"
03-03-2021,89300.00,89852.00,88579.95,89077.45,1333,"1,272.05"
02-03-2021,90000.00,90300.00,88500.00,89729.50,2472,"1,800.00"
01-03-2021,85500.00,89798.35,85269.50,89077.70,2582,"4,528.85"
26-02-2021,87347.00,87347.00,83786.00,84470.30,2494,"3,561.00"
12-05-2022,68070.00,68070.00,66685.10,67585.15,403,"1,384.90"
25-02-2021,88300.00,88677.00,87449.75,87673.15,949,"1,227.25"
24-02-2021,88000.00,94000.00,85020.00,87714.35,5442,"8,980.00"
23-02-2021,87400.00,88000.00,85858.80,87516.90,2427,"2,141.20"
22-02-2021,88400.00,88790.15,86272.45,86995.05,1990,"2,517.70"
19-02-2021,88499.95,89346.20,86985.90,88100.45,2243,"2,360.30"
18-02-2021,90300.00,90300.00,88500.00,88908.35,2609,"1,800.00"
17-02-2021,90490.00,90558.75,87224.25,88811.55,2668,"3,334.50"
16-02-2021,91000.00,91609.00,89077.00,89506.40,3671,"2,532.00"
15-02-2021,92700.00,92700.00,89884.95,90443.00,2700,"2,815.05"
12-02-2021,91990.00,93482.55,90076.65,91213.15,5157,"3,405.90"
11-05-2022,68100.00,69233.50,67885.05,68119.55,287,"1,348.45"
11-02-2021,96502.00,98575.90,89150.00,90076.80,7487,"9,425.90"
10-02-2021,93979.95,97921.70,92785.35,97008.00,3919,"5,136.35"
09-02-2021,91384.00,94545.85,90400.30,93751.25,2959,"4,145.55"
08-02-2021,91999.00,92599.90,89975.00,90810.10,2223,"2,624.90"
05-02-2021,93499.90,93599.95,90301.00,90698.70,2251,"3,298.95"
04-02-2021,91340.00,93768.10,90136.00,92242.70,2800,"3,632.10"
03-02-2021,92990.00,92990.00,89460.60,90030.20,2842,"3,529.40"
02-02-2021,89322.00,91949.75,89002.70,90790.00,2919,"2,947.05"
01-02-2021,85435.20,88713.00,83941.00,88200.80,2886,"4,772.00"
29-01-2021,88100.00,89406.40,83458.20,84293.55,2773,"5,948.20"
10-05-2022,68560.00,70895.95,67321.15,68673.95,699,"3,574.80"
28-01-2021,88400.00,89358.00,87179.10,87547.35,1667,"2,178.90"
27-01-2021,89700.00,90160.15,87500.00,88493.95,1882,"2,660.15"
25-01-2021,93250.00,93945.65,89152.20,89622.05,2675,"4,793.45"
22-01-2021,92200.00,94290.45,91386.45,92312.45,3725,"2,904.00"
21-01-2021,93500.00,96456.30,90639.20,91689.35,5511,"5,817.10"
20-01-2021,87880.00,94034.70,87616.65,92923.00,2936,"6,418.05"
19-01-2021,86000.05,87968.50,86000.05,87293.40,1395,"1,968.45"
18-01-2021,88000.00,88000.00,85116.55,85829.65,3464,"2,883.45"
15-01-2021,89310.00,89896.10,86404.80,87563.10,2075,"3,491.30"
14-01-2021,86550.00,89900.00,85800.10,88789.00,1496,"4,099.90"
09-05-2022,69500.00,69774.95,68361.00,68579.35,318,"1,413.95"
13-01-2021,86201.00,87575.00,85265.65,85631.30,2058,"2,309.35"
12-01-2021,83390.00,86999.95,81777.00,85742.25,3950,"5,222.95"
11-01-2021,80800.00,82959.95,80527.30,82508.15,3562,"2,432.65"
08-01-2021,77570.95,81350.00,77570.95,80656.60,2502,"3,779.05"
07-01-2021,79550.05,79550.05,77050.00,77364.90,887,"2,500.05"
06-01-2021,79283.85,79799.00,77675.45,78783.40,1236,"2,123.55"
05-01-2021,77777.00,79250.00,77677.30,79027.25,1659,"1,572.70"
04-01-2021,76580.00,78859.45,75900.05,78416.20,2114,"2,959.40"
01-01-2021,76171.50,76251.80,75629.15,76038.35,534,622.65
31-12-2020,76304.00,77368.45,75400.00,75712.40,1377,"1,968.45"
06-05-2022,70952.00,70952.00,69351.05,70065.50,241,"1,600.95"
30-12-2020,75699.95,77605.45,75255.95,77018.65,1292,"2,349.50"
29-12-2020,75955.00,75955.00,74900.00,75632.90,949,"1,055.00"
28-12-2020,76000.00,76840.20,75173.10,75406.60,786,"1,667.10"
24-12-2020,76181.25,76590.90,75822.00,75932.70,451,768.90
23-12-2020,76747.80,77239.20,75338.35,75819.80,1480,"1,900.85"
22-12-2020,75310.00,76658.25,73756.25,76167.10,904,"2,902.00"
21-12-2020,77266.00,77638.00,74668.90,75258.60,1046,"2,969.10"
18-12-2020,77950.00,78219.60,76622.95,77619.85,1095,"1,596.65"
17-12-2020,78931.55,79197.25,77100.00,77320.15,522,"2,097.25"
16-12-2020,77544.50,79100.00,77419.30,78510.05,989,"1,680.70"
05-05-2022,72599.95,72714.45,70950.00,71124.80,147,"1,764.45"
15-12-2020,77475.80,77526.40,76888.00,77261.00,364,638.40
14-12-2020,77866.60,78494.55,77363.40,77534.65,375,"1,131.15"
11-12-2020,78200.00,78337.75,77333.00,77866.60,496,"1,004.75"
10-12-2020,78880.00,78880.00,77265.05,77536.25,851,"1,614.95"
09-12-2020,79775.00,79775.00,78000.00,78328.60,597,"1,775.00"
08-12-2020,79698.40,79986.55,78921.25,79107.30,571,"1,065.30"
07-12-2020,78513.10,79944.15,78165.45,79504.55,1161,"1,778.70"
04-12-2020,79265.60,79575.60,78239.70,78706.50,1195,"1,335.90"
03-12-2020,79247.00,79727.50,78500.00,78805.50,873,"1,227.50"
02-12-2020,79762.45,79980.00,78666.60,79752.75,1569,"1,313.40"
04-05-2022,72750.00,73000.40,71232.45,71815.15,5596,"1,767.95"
01-12-2020,79059.95,80000.00,77762.90,79599.20,1638,"2,237.10"
27-11-2020,76774.00,79150.00,75293.95,77939.95,4288,"3,856.05"
26-11-2020,76701.00,77488.70,74381.00,75982.10,2533,"3,107.70"
25-11-2020,80696.00,80698.90,75653.25,76220.70,2517,"5,045.65"
24-11-2020,80690.00,80988.50,79145.00,79817.40,1426,"1,843.50"
23-11-2020,80000.00,81000.00,79182.05,79956.75,1796,"1,817.95"
20-11-2020,76725.00,79538.30,76725.00,79105.95,2613,"2,813.30"
19-11-2020,74444.30,77300.00,74071.55,76893.10,1650,"3,228.45"
18-11-2020,74199.00,75414.45,72364.10,75041.30,2089,"3,050.35"
17-11-2020,71854.00,74624.40,71854.00,74201.40,1886,"2,770.40"
22-06-2022,67460.00,68128.35,67355.00,68050.55,119,773.35
02-05-2022,72400.00,72769.95,71784.00,72619.40,431,985.95
14-11-2020,72000.00,72500.00,71060.90,71841.45,231,"1,439.10"
13-11-2020,69799.00,72500.00,69607.35,71960.05,1812,"2,892.65"
12-11-2020,68800.00,69561.00,68800.00,69379.55,1438,761.00
11-11-2020,69680.00,70476.00,68072.70,68574.95,1134,"2,403.30"
10-11-2020,70202.00,70678.10,68308.55,69379.70,2875,"2,369.55"
09-11-2020,69888.00,70222.00,68597.65,69934.10,4095,"1,624.35"
06-11-2020,69500.00,69866.45,68196.25,68514.05,1922,"1,670.20"
05-11-2020,69388.00,69750.00,68262.55,68525.95,2818,"1,487.45"
04-11-2020,67731.60,69200.00,67731.60,68453.05,2633,"1,468.40"
03-11-2020,66900.00,68000.00,66656.35,67705.95,1287,"1,343.65"
29-04-2022,72264.70,73317.50,71800.00,72688.60,591,"1,517.50"
02-11-2020,65950.00,66564.00,64837.40,66185.05,851,"1,726.60"
30-10-2020,67400.00,68374.95,64673.50,65256.50,1569,"3,701.45"
29-10-2020,66499.95,68901.15,65152.50,67215.40,2550,"3,748.65"
28-10-2020,68150.00,68150.00,65342.35,66760.85,3168,"2,807.65"
27-10-2020,64249.95,69608.75,63675.50,68575.15,4968,"5,933.25"
26-10-2020,63500.05,64303.45,62866.55,63280.70,532,"1,436.90"
23-10-2020,62300.00,63986.10,62294.35,63601.70,1803,"1,691.75"
22-10-2020,61349.00,62385.00,60697.00,62259.85,628,"1,688.00"
21-10-2020,60150.00,61600.00,60048.00,61010.15,1106,"1,552.00"
20-10-2020,59489.55,60232.95,59489.55,59942.60,249,743.40
28-04-2022,72500.00,72544.60,71023.45,72366.10,416,"1,521.15"
19-10-2020,58280.50,60134.90,58135.00,60001.00,1473,"1,999.90"
16-10-2020,58550.60,58840.25,57887.85,58100.80,1780,952.40
15-10-2020,58769.30,59224.85,58168.65,58350.60,322,"1,056.20"
14-10-2020,58600.00,59159.25,58000.05,58933.65,287,"1,159.20"
13-10-2020,58500.00,59365.25,58326.90,58607.65,321,"1,038.35"
12-10-2020,59400.00,59400.00,58224.95,58599.05,335,"1,175.05"
09-10-2020,60600.05,60600.05,58513.10,58769.60,576,"2,086.95"
08-10-2020,61000.00,61000.00,59666.00,60207.90,256,"1,334.00"
07-10-2020,60490.00,61087.25,60069.65,60581.40,618,"1,017.60"
06-10-2020,60938.35,61121.85,60068.15,60263.85,269,"1,053.70"
27-04-2022,70800.00,72590.00,70250.00,72185.25,482,"2,340.00"
05-10-2020,60699.00,61219.80,60297.40,60498.70,531,922.40
01-10-2020,59449.80,60650.00,59449.80,60570.15,379,"1,200.20"
30-09-2020,59349.95,59963.40,58764.10,59563.90,617,"1,199.30"
29-09-2020,59500.00,59837.50,58235.45,59466.35,469,"1,602.05"
28-09-2020,57879.50,59444.25,57829.80,59279.90,1001,"1,614.45"
25-09-2020,57000.00,57932.00,55729.75,57477.20,1086,"2,202.25"
24-09-2020,56814.55,56900.00,55360.35,55562.50,522,"1,539.65"
23-09-2020,57966.25,58176.25,56900.00,57218.35,360,"1,276.25"
22-09-2020,58201.00,58201.00,57371.70,57754.25,2030,829.30
21-09-2020,59069.65,59069.65,57880.00,58134.25,419,"1,189.65"
26-04-2022,69574.90,71438.55,69486.85,71271.25,493,"1,951.70"
18-09-2020,59964.85,59964.85,58583.40,58829.75,361,"1,381.45"
17-09-2020,59697.40,59720.00,59116.75,59517.80,303,603.25
16-09-2020,58599.00,59850.00,58487.95,59609.50,853,"1,362.05"
15-09-2020,59347.70,59347.70,58211.25,58419.80,236,"1,136.45"
14-09-2020,59350.00,59794.80,58281.10,58492.90,262,"1,513.70"
11-09-2020,59100.00,59395.85,58481.35,59110.05,231,914.50
10-09-2020,58976.45,59345.40,58767.05,59110.65,3795,578.35
09-09-2020,58140.40,59100.00,57871.00,58835.35,398,"1,229.00"
08-09-2020,58920.00,58920.00,58050.00,58200.20,193,870.00
07-09-2020,58425.00,58808.85,58010.30,58351.85,1494,798.55
25-04-2022,68280.00,69450.00,68280.00,69110.00,144,"1,170.00"
04-09-2020,57947.00,58764.30,57593.50,58435.65,592,"1,170.80"
03-09-2020,58620.25,58953.00,58343.45,58549.05,5563,609.55
02-09-2020,58400.00,59071.80,58150.00,58617.10,260,921.80
01-09-2020,58047.60,58867.90,57650.00,58316.60,324,"1,217.90"
31-08-2020,59647.00,59889.35,57512.20,57979.65,1286,"2,377.15"
28-08-2020,59500.00,61418.50,59150.35,59611.85,757,"2,268.15"
27-08-2020,59715.00,59715.00,59125.00,59305.95,265,590.00
26-08-2020,59678.00,59755.00,59218.75,59315.45,1389,536.25
25-08-2020,60247.00,60247.00,59106.00,59274.25,860,"1,141.00"
24-08-2020,60130.60,60500.00,59540.00,59619.60,1664,960.00
22-04-2022,69400.00,69430.40,68519.35,69132.40,226,911.05
21-08-2020,59999.00,60239.25,59386.00,59698.60,609,853.25
20-08-2020,60200.00,60338.90,59284.50,59481.60,845,"1,054.40"
19-08-2020,60900.00,60900.00,58955.00,59752.40,1095,"1,945.00"
18-08-2020,60201.00,61100.00,60040.00,60185.85,1038,"1,060.00"
17-08-2020,61600.00,62211.20,59979.80,60178.80,1120,"2,231.40"
14-08-2020,64090.00,64568.70,61200.15,61488.50,1923,"3,368.55"
13-08-2020,62038.25,64295.50,61351.15,63990.25,1130,"2,944.35"
12-08-2020,61600.00,61887.65,61380.05,61634.55,401,507.60
11-08-2020,62300.00,62467.00,61366.80,61473.95,314,"1,100.20"
10-08-2020,63000.00,63506.10,61743.95,61891.00,382,"1,762.15"
21-04-2022,67880.00,70081.60,67880.00,69680.60,856,"2,201.60"
07-08-2020,61427.15,63286.55,61414.20,62678.00,766,"1,872.35"
06-08-2020,61800.00,61813.35,61142.80,61279.45,308,670.55
05-08-2020,61677.00,61944.25,61171.55,61536.20,352,772.70
04-08-2020,61569.95,61721.05,61090.00,61237.95,341,631.05
03-08-2020,61340.95,61781.30,60800.05,60956.45,278,981.25
31-07-2020,61097.95,61596.90,60685.00,61030.40,346,911.90
30-07-2020,61900.00,62400.00,60750.00,60992.25,446,"1,650.00"
29-07-2020,62690.00,62781.95,61539.15,61789.05,249,"1,242.80"
28-07-2020,62250.00,63000.00,62067.30,62135.65,777,932.70
27-07-2020,63300.00,63495.60,61679.30,61877.10,626,"1,816.30"
20-04-2022,66765.00,68201.70,66639.05,67734.40,272,"1,562.65"
24-07-2020,63359.80,63816.45,62800.00,62958.75,589,"1,016.45"
23-07-2020,64580.00,64648.80,63141.70,63359.80,620,"1,507.10"
22-07-2020,65600.00,65600.00,64272.20,64413.45,466,"1,327.80"
21-07-2020,65900.00,65900.00,65333.10,65600.35,269,566.90
20-07-2020,66247.70,66247.70,64708.85,64961.60,482,"1,538.85"
17-07-2020,64780.00,65744.40,63476.65,65451.15,673,"2,267.75"
16-07-2020,63633.20,64018.10,62427.60,63495.70,494,"1,590.50"
15-07-2020,64854.35,65050.00,63530.75,63644.75,865,"1,519.25"
14-07-2020,64888.00,64888.00,63645.00,64372.75,375,"1,243.00"
13-07-2020,65400.00,65579.90,64391.45,64671.85,760,"1,188.45"
19-04-2022,67079.00,67751.50,65800.00,66193.05,377,"1,951.50"
10-07-2020,66300.00,66300.00,64518.05,64830.50,1236,"1,781.95"
09-07-2020,65551.10,66199.65,65134.85,65343.40,972,"1,064.80"
08-07-2020,67211.80,67425.00,65000.10,65373.35,1270,"2,424.90"
07-07-2020,67200.00,67527.85,65778.00,66824.05,912,"1,749.85"
06-07-2020,66500.10,67538.90,66400.00,67351.90,483,"1,138.90"
03-07-2020,66200.00,66500.00,65855.00,66117.45,232,645.00
02-07-2020,66599.00,66842.50,65825.00,66078.80,361,"1,017.50"
01-07-2020,67199.00,67199.00,65622.15,65826.85,440,"1,576.85"
30-06-2020,66050.90,67565.15,65767.20,67265.05,725,"1,797.95"
29-06-2020,66200.00,66750.00,64951.00,65191.25,700,"1,799.00"
21-06-2022,66899.95,68285.05,66899.95,68088.85,429,"1,385.10"
18-04-2022,67001.05,67461.00,66090.50,66986.60,249,"1,370.50"
26-06-2020,64918.35,66953.55,64918.35,66405.10,565,"2,035.20"
25-06-2020,64477.20,65400.00,63874.55,64916.35,291,"1,525.45"
13-04-2022,68140.00,68140.00,67046.10,67458.60,148,"1,093.90"
12-04-2022,67606.15,67951.60,66607.35,67541.55,236,"1,344.25"
11-04-2022,67761.00,68027.75,67611.30,67738.10,116,416.45
08-04-2022,67574.95,68100.00,66800.00,67763.15,436,"1,300.00"
07-04-2022,67984.95,68050.55,67000.00,67196.35,138,"1,050.55"
06-04-2022,67946.95,67946.95,67200.20,67596.05,134,746.75
05-04-2022,67499.90,68127.00,67300.00,67632.20,275,827.00
04-04-2022,67000.00,67200.00,66682.20,66989.95,299,517.80
01-04-2022,65313.95,66600.00,65085.50,66360.35,250,"1,514.50"
20-06-2022,68380.00,68500.00,66500.00,66699.15,205,"2,000.00"
31-03-2022,65384.45,65800.00,64661.50,64973.35,852,"1,138.50"
30-03-2022,65450.15,65925.90,65144.80,65384.45,688,781.10
29-03-2022,65600.00,66850.00,65100.00,65325.90,597,"1,750.00"
28-03-2022,67300.00,67300.00,64974.00,65724.10,526,"2,326.00"
25-03-2022,66989.95,67151.15,66005.00,66485.60,293,"1,146.15"
24-03-2022,66741.40,67400.00,66446.05,66784.10,172,953.95
23-03-2022,67399.95,67724.00,66619.00,66833.60,344,"1,105.00"
22-03-2022,67399.00,67399.00,65965.80,67128.50,597,"1,433.20"
21-03-2022,69479.85,69922.60,66650.25,67010.85,654,"3,272.35"
17-03-2022,68634.95,69898.05,68620.00,68986.00,345,"1,278.05"
17-06-2022,67237.90,69008.85,65900.05,67883.90,552,"3,108.80"
16-03-2022,68310.00,68800.00,68145.10,68343.40,282,654.90
15-03-2022,68238.85,68958.95,67718.65,68107.65,323,"1,240.30"
14-03-2022,68100.00,68458.85,67412.10,68237.35,368,"1,046.75"
11-03-2022,66980.00,68000.00,66410.20,67919.20,202,"1,589.80"
10-03-2022,66850.00,67464.65,66504.00,66862.75,330,960.65
09-03-2022,66564.20,66940.90,65957.90,66087.35,278,983.00
08-03-2022,66120.00,66627.25,65800.00,66340.30,222,827.25
07-03-2022,64500.00,66440.25,63800.05,66115.05,1097,"2,640.20"
04-03-2022,65500.05,66163.90,65000.00,66013.70,385,"1,163.90"
03-03-2022,66608.90,66999.90,65800.00,66088.25,278,"1,199.90"
16-06-2022,69000.00,69274.90,67001.05,67216.45,374,"2,273.85"
02-03-2022,65880.00,66600.05,65307.95,66201.55,295,"1,292.10"
28-02-2022,65700.00,66289.60,64500.00,65715.80,345,"1,789.60"
25-02-2022,64007.80,65782.35,64007.80,65511.25,748,"1,774.55"
24-02-2022,63500.00,65227.65,62944.50,64007.80,1361,"2,283.15"
23-02-2022,66299.95,66853.00,65650.25,65812.85,439,"1,202.75"
22-02-2022,63400.00,65972.40,63000.05,65778.90,908,"2,972.35"
21-02-2022,65210.15,65469.95,64600.00,64752.80,342,869.95
18-02-2022,65477.00,66200.00,65329.10,65612.50,393,870.90
17-02-2022,66100.00,66678.20,65500.00,65648.30,316,"1,178.20"
16-02-2022,67646.95,67646.95,66001.20,66110.80,408,"1,645.75"
15-06-2022,68177.60,69441.20,68177.60,68442.20,131,"1,263.60"
15-02-2022,66120.00,66990.75,65005.15,66672.25,885,"1,985.60"
14-02-2022,67850.00,67850.00,65700.50,65937.65,1462,"2,149.50"
11-02-2022,69125.00,69600.00,68100.00,68265.65,809,"1,500.00"
10-02-2022,70500.00,70899.95,69520.10,69785.30,249,"1,379.85"
09-02-2022,70046.95,70500.00,69530.15,70405.60,440,969.85
08-02-2022,69010.10,69886.75,68500.00,69548.80,644,"1,386.75"
07-02-2022,70191.00,70269.10,68634.80,68905.60,979,"1,634.30"
04-02-2022,71000.00,71403.50,69850.00,70052.25,696,"1,553.50"
03-02-2022,70499.95,71931.05,70010.00,70993.40,785,"1,921.05"
02-02-2022,71899.95,72679.10,71234.00,71521.55,237,"1,445.10"
